Method,Endpoint,Frontend File,Line,Purpose,Backend Controller,Backend Method,Service,Repository,Entity/Model,Database Table,Database Column(s),Authentication Required,Request Fields,Response Fields,Status,Issue/Notes
GET,/api/orders,src/hooks/useAdminData.js,27,Admin orders list,OrderController,getAllOrdersForAdmin,OrderService,OrderRepository,Order,orders,"id,productId,quantity,totalPrice,name,phone,address,paymentMethod,userId,status,paymentStatus,razorpayOrderId,razorpayPaymentId,createdAt",ADMIN,None,List<OrderResponse> 🟢,Requires ADMIN auth; access enforced
GET,/products,src/hooks/useAdminData.js,27,Product list (public/admin),ProductController,getProducts,ProductService,ProductRepository,Product,default JPA mapping,"id,name,category,price,stock,image,admin_id",Optional (admin-aware),adminId query param may be ignored,List<Product> 🟢,Controller ignores `adminId` param and uses authenticated admin instead
GET,/users,src/hooks/useAdminData.js,27,All users (admin UI),UserController,getAllUsers,, ,UserRepository,User,default JPA mapping,"id,name,email,phone,address,age,gender,created_at,profile_image",NONE,None,List<User> 🟡,Endpoint exists but no auth check — exposes all users (security issue)
GET,/users,src/components/UserManagement.jsx,14,All users (management),UserController,getAllUsers,, ,UserRepository,User,default JPA mapping,"id,name,email,phone,address,age,gender,created_at,profile_image",NONE,None,List<User> 🟡,Same as above
POST,/cart,src/components/AIRecommendation.jsx,37,Add item to cart,CartController,addToCart,CartService,CartRepository,CartItem,default JPA mapping,"id,productId,quantity,userId",Optional,CartItem (productId,quantity),CartItem 🟢,If authenticated userId set; otherwise saved without userId
POST,/auth/register,src/pages/AdminRegister.jsx,23,Admin register,AdminAuthController,register, ,AdminRepository,Admin,default JPA mapping,"id,name,email,password,shopName,last_login",NONE,Admin object,Admin 🟢,Creates admin; hashes password
GET,/api/user/profile,src/pages/UserProfile.jsx,70,Get current user profile,UserProfileController,getProfile,UserProfileService,UserRepository,User,default JPA mapping,"id,name,email,phone,address,age,gender,created_at,profile_image",REQUIRED,none,UserProfileResponse 🟢,Throws if not authenticated
PUT,/api/user/profile,src/pages/UserProfile.jsx,152,Update profile,UserProfileController,updateProfile,UserProfileService,UserRepository,User,default JPA mapping,"id,name,email,phone,address,age,gender,created_at,profile_image",REQUIRED,UserProfileUpdateRequest(name,phone,address,age,gender),UserProfileResponse 🟢,Validates name + age range
POST,/api/user/profile/upload-image,src/pages/UserProfile.jsx,181,Upload profile image,UserProfileController,uploadProfileImage,UserProfileService,UserRepository,User,default JPA mapping,"profile_image (profile_image column)",REQUIRED,multipart file,ProfileImageUploadResponse 🟢,Validates file size/type; stores locally under uploads/profile
GET,/recommend/products?keyword=healthy,src/components/RecommendedProducts.jsx,11,AI-backed product recommendations,RecommendationController,getRecommendedProducts,RecommendationService,ProductRepository,Product,default JPA mapping,"id,name,category,price,stock,image,admin_id",NONE,keyword,List<Product> 🟢,Search via ProductRepository.findByNameContainingIgnoreCase
GET,/orders,src/pages/OrderHistory.jsx,9,Customer order history,OrderController,getOrders,OrderService,OrderRepository,Order,orders,"id,productId,quantity,totalPrice,name,phone,address,paymentMethod,userId,status,paymentStatus,razorpayOrderId,razorpayPaymentId,createdAt",Optional (customer/admin-aware),None,List<OrderResponse> 🟢,Returns user orders if authenticated customer
GET,/api/orders,src/components/OrderManagement.jsx,69,Admin orders list,OrderController,getAllOrdersForAdmin,OrderService,OrderRepository,Order,orders,"...",ADMIN,None,List<OrderResponse> 🟢,Requires ADMIN; enforced
PUT,/api/orders/${orderId}/status,src/components/OrderManagement.jsx,131,Update order status,OrderController,updateOrderStatus,OrderService,OrderRepository,Order,orders,"...",ADMIN,OrderStatusUpdateRequest(status),OrderResponse 🟢,Requires ADMIN; validated
POST,/auth/login,src/pages/AdminLogin.jsx,43,Admin login,AdminAuthController,login, ,AdminRepository,Admin,default JPA mapping,"id,email,password,...",NONE,{email,password},{status,admin,token} 🟢,Returns JWT in `token`
POST,/auth/forgot-password,src/pages/AdminLogin.jsx,91,Admin forgot password,AdminAuthController,forgotPassword, ,AdminRepository,Admin,default JPA mapping,"...",NONE,{email,newPassword},{status} 🟡,Immediate password reset without email/token (security risk)
GET,/products?adminId=${admin.id},src/pages/AdminDashboard.jsx,50,Admin product listing (frontend passes adminId),ProductController,getProducts,ProductService,ProductRepository,Product,default JPA mapping,"...",Optional,adminId query param,List<Product> 🟢,Controller ignores query param and uses authenticated admin
POST,/upload,src/pages/AdminDashboard.jsx,67,Image upload (Cloudinary/local),UploadController,uploadFile, , , , ,NONE,multipart file,Map with secure_url/status 🟢,Returns placeholder if Cloudinary not configured
POST,/products,src/pages/AdminDashboard.jsx,80,Create product,ProductController,addProduct,ProductService,ProductRepository,Product,default JPA mapping,"id,name,category,price,stock,image,admin_id",Optional,Product object,Product 🟢,If admin authenticated attaches admin
DELETE,/products/${id},src/pages/AdminDashboard.jsx,106,Delete product,ProductController,deleteProduct,ProductService,ProductRepository,Product,default JPA mapping,"...",ADMIN,none,void 🟢,Ownership enforced in ProductService.getProductById
PUT,/products/${id},src/pages/AdminDashboard.jsx,118,Update product,ProductController,updateProduct,ProductService,ProductRepository,Product,default JPA mapping,"...",ADMIN,Product object,Product 🟢,Supports stock-only updates; prevents accidental wipe
POST,/userauth/forgot-password,src/pages/UserAuth.jsx,128,Customer forgot password,UserAuthController,forgotPassword, ,UserRepository,User,default JPA mapping,"...",NONE,{email,newPassword},{status} 🔴,Immediate password reset without token/email (security risk)
GET,/products,src/pages/ProductPage.jsx,28,Product listing,ProductController,getProducts,ProductService,ProductRepository,Product,default JPA mapping,"...",Optional,none,List<Product> 🟢,Public listing
POST,/cart,src/pages/ProductPage.jsx,36,Add product to cart,CartController,addToCart,CartService,CartRepository,CartItem,default JPA mapping,"id,productId,quantity,userId",Optional,CartItem,CartItem 🟢,Works for unauthenticated (creates guest cart items)
GET,/cart,src/pages/CartPage.jsx,15,Get cart items,CartController,getCart,CartService,CartRepository,CartItem,default JPA mapping,"id,productId,quantity,userId",Optional,none,List<CartItem> 🟡,Unauthenticated returns all cart items (privacy issue)
GET,/products,src/pages/CartPage.jsx,19,Fetch products for cart,ProductController,getProducts,ProductService,ProductRepository,Product,default JPA mapping,"...",Optional,none,List<Product> 🟢,OK
GET,/recommend/purchase?product=${productName},src/pages/CartPage.jsx,33,Purchase recommendations,RecommendationController,getPurchaseRecommendation,RecommendationService, , , ,NONE,product,List<String> 🟢,OK
DELETE,/cart/remove/${id},src/pages/CartPage.jsx,60,Delete cart item (v2),CartController,deleteItemV2,CartService,CartRepository,CartItem,default JPA mapping,"id,productId,quantity,userId",Optional,none,Map(status,id) 🟢,Works; service enforces user scoping when authenticated
PUT,/cart/${id},src/pages/CartPage.jsx,79,Update cart quantity,CartController,updateQuantity,CartService,CartRepository,CartItem,default JPA mapping,"...",Optional,CartItem (quantity),CartItem 🟢,Enforces ownership when authenticated
PUT,/cart/${id},src/pages/CartPage.jsx,106,Update cart quantity (alternate),CartController,updateQuantity,CartService,CartRepository,CartItem,default JPA mapping,"...",Optional,CartItem,CartItem 🟢,Same as above
GET,/cart,src/pages/CheckoutPage.jsx,45,Fetch cart for checkout,CartController,getCart,CartService,CartRepository,CartItem,default JPA mapping,"...",Optional,none,List<CartItem> 🟡,Unauthenticated returns all cart items
GET,/products,src/pages/CheckoutPage.jsx,46,Fetch products for checkout,ProductController,getProducts,ProductService,ProductRepository,Product,default JPA mapping,"...",Optional,none,List<Product> 🟢,OK
POST,/orders,src/pages/CheckoutPage.jsx,121,Create order after payment,OrderController,createOrder,OrderService,OrderRepository,Order,orders,"id,productId,quantity,totalPrice,name,phone,address,paymentMethod,userId,status,paymentStatus,razorpayOrderId,razorpayPaymentId,createdAt",Optional (requires auth for customer),OrderRequest(Order items..),Map(message,status,orderId,order) 🟢,Requires authenticated customer for userId resolution; frontend may call unauthenticated (then service throws)
GET,/api/payment/key,src/pages/CheckoutPage.jsx,149,Fetch Razorpay key,PaymentController,getKey,PaymentService, , , ,NONE,none,Map(key) 🟢,Public endpoint
POST,/api/payment/create-order,src/pages/CheckoutPage.jsx,153,Create Razorpay order,PaymentController,createOrder,PaymentService, , , ,NONE,{amount},Map(orderId,amount,currency,key) 🟢,Converts amount to paise and returns order
POST,/api/payment/verify,src/pages/CheckoutPage.jsx,176,Verify Razorpay signature,PaymentVerificationController,verifyPayment,PaymentService, , , ,NONE,{razorpay_order_id,razorpay_payment_id,razorpay_signature},Map(status,message) 🟢,Only verifies signature; does not persist order (frontend must call /orders)
GET,/api/orders,src/pages/admin/Orders.jsx,35,Admin fetch orders,OrderController,getAllOrdersForAdmin,OrderService,OrderRepository,Order,orders,"...",ADMIN,None,List<OrderResponse> 🟢,Admin-only
PUT,/api/orders/${order.orderId}/status,src/pages/admin/Orders.jsx,82,Admin advance order status,OrderController,updateOrderStatus,OrderService,OrderRepository,Order,orders,"...",ADMIN,OrderStatusUpdateRequest,OrderResponse 🟢,Admin-only
GET,/api/admin/profile,src/pages/admin/AdminProfile.jsx,35,Admin profile,AdminProfileController,getProfile,AdminProfileService, ,Admin,default mapping,"id,name,email,shopName,last_login",REQUIRED,none,AdminProfileResponse 🟢,Requires admin auth via service
GET,/recommend/diet,src/pages/RecommendationPage.jsx,50,Diet recommendation,RecommendationController,getDietRecommendation,RecommendationService, , , ,NONE,diet,List<String> 🟢,OK
GET,/recommend/budget,src/pages/RecommendationPage.jsx,54,Budget recommendation,RecommendationController,getBudgetRecommendation,RecommendationService, , , ,NONE,budget,List<String> 🟢,OK
GET,/recommend/health,src/pages/RecommendationPage.jsx,58,Health recommendation,RecommendationController,getHealthRecommendation,RecommendationService, , , ,NONE,condition,List<String> 🟢,OK
GET,/recommend/recipe,src/pages/RecommendationPage.jsx,62,Recipe recommendation,RecommendationController,getRecipeRecommendation,RecommendationService, , , ,NONE,recipe,List<String> 🟢,OK
GET,/recommend/purchase,src/pages/RecommendationPage.jsx,66,Purchase recommendation,RecommendationController,getPurchaseRecommendation,RecommendationService, , , ,NONE,product,List<String> 🟢,OK
PUT,/products/${id},src/pages/admin/Inventory.jsx,163,Update product stock,ProductController,updateProduct,ProductService,ProductRepository,Product,default JPA mapping,"...",ADMIN,{stock},Product 🟢,Supports stock-only updates
DELETE,/products/${id},src/pages/admin/Inventory.jsx,178,Delete product (inventory),ProductController,deleteProduct,ProductService,ProductRepository,Product,default JPA mapping,"...",ADMIN,None,void 🟢,Ownership check enforced
POST,/upload,src/pages/admin/Inventory.jsx,213,Upload image (inventory),UploadController,uploadFile, , , ,NONE,multipart file,Map(secure_url,status) 🟢,OK
POST,/products,src/pages/admin/Inventory.jsx,221,Create product (inventory),ProductController,addProduct,ProductService,ProductRepository,Product,default JPA mapping,"...",ADMIN,Product,Product 🟢,OK
